{"church":0.20093457943925233,"dioscuri": 0.05721393034825871, "lizard":0.6122448979591837}